{
    "device_type": "D435i",
    "imus": [
        {
            "accelerometer": {
                "bias": [
                    -0.07272275371811526,
                    -0.09182482460849037,
                    0.09151960926437008
                ],
                "scale_and_alignment": [
                    1.0090542772367004,
                    -0.018525165769521484,
                    -0.012240614984668928,
                    -0.009162828061234059,
                    1.008298325703916,
                    0.03306818568313502,
                    -0.0012883436767664501,
                    0.004101853203194339,
                    1.0008286745839388
                ]
            },
            "gyroscope": {
                "bias": [
                    -0.0013711405573417497,
                    -0.000870453102209214,
                    -0.0035083506131725027
                ],
                "scale_and_alignment": [
                    1.0,
                    0.0,
                    0.0,
                    0.0,
                    1.0,
                    0.0,
                    0.0,
                    0.0,
                    1.0
                ]
            }
        }
    ]
}
